"","name","City","Position"
"BGR","BGR","Bangor, ME","N444827 W0684941"
"BOS","BOS","Boston, MA","N422152 W0710019"
"ANC","ANC","Anchorage, AK","N611028 W1495947"
"JFK","JFK","New York, NY","N403823 W0734644"
"LAS","LAS","Las Vegas, NV","N360449 W1150908"
"MIA","MIA","Miami, FL","N254736 W0801726"
"EWR","EWR","Newark, NJ","N404133 W0741007"
"BJC","BJC","Broomfield, CO","N395432 W1050702"
"TEB","TEB","Teterboro, NJ","N405100 W0740339"
"LAX","LAX","Los Angeles, CA","N335633 W1182429"
"AEX","AEX","Alexandria, LA","N311939 W0923255"
"BFI","BFI","Seattle, WA","N473148 W1221807"
"ELM","ELM","Elmira/Corning, NY","N420936 W0765329"
"GEG","GEG","Spokane, WA","N473712 W1173202"
"ICT","ICT","Wichita, KS","N373860 W0972559"
"PBI","PBI","West Palm Beach/Palm Beach, FL","N264059 W0800544"
"PIT","PIT","Pittsburgh, PA","N402929 W0801358"
"SFO","SFO","San Francisco, CA","N373708 W1222230"
"VCT","VCT","Victoria, TX","N285109 W0965507"
"IAD","IAD","Washington, DC","N385640 W0772721"
"ABE","ABE","Allentown/Bethlehem/Easton, PA","N403909 W0752625"
"AGS","AGS","Augusta, GA","N332212 W0815752"
"AVL","AVL","Asheville, NC","N352610 W0823230"
"AVP","AVP","Scranton/Wilkes-Barre, PA","N412017 W0754327"
"BDL","BDL","Hartford, CT","N415620 W0724060"
"BHM","BHM","Birmingham, AL","N333347 W0864513"
"BNA","BNA","Nashville, TN","N360728 W0864041"
"BTR","BTR","Baton Rouge, LA","N303159 W0910859"
"BUF","BUF","Buffalo, NY","N425626 W0784356"
"BWI","BWI","Baltimore, MD","N391031 W0764006"
"CAE","CAE","Columbia, SC","N335620 W0810710"
"CAK","CAK","Akron, OH","N405459 W0812633"
"CHA","CHA","Chattanooga, TN","N350207 W0851214"
"CHO","CHO","Charlottesville, VA","N380819 W0782710"
"CHS","CHS","Charleston, SC","N325355 W0800226"
"CLE","CLE","Cleveland, OH","N412439 W0815058"
"CLT","CLT","Charlotte, NC","N351250 W0805635"
"CMH","CMH","Columbus, OH","N395953 W0825331"
"CRW","CRW","Charleston/Dunbar, WV","N382223 W0813535"
"CVG","CVG","Cincinnati, OH","N390246 W0843944"
"DAB","DAB","Daytona Beach, FL","N291048 W0810329"
"DAY","DAY","Dayton, OH","N395409 W0841310"
"DCA","DCA","Washington, DC","N385108 W0770216"
"DTW","DTW","Detroit, MI","N421245 W0832112"
"EWN","EWN","New Bern/Morehead/Beaufort, NC","N350423 W0770235"
"FAY","FAY","Fayetteville, NC","N345928 W0785249"
"GNV","GNV","Gainesville, FL","N294124 W0821618"
"GPT","GPT","Gulfport/Biloxi, MS","N302426 W0890412"
"GSO","GSO","Greensboro/High Point, NC","N360552 W0795614"
"GSP","GSP","Greenville/Spartanburg, SC","N345344 W0821308"
"HPN","HPN","White Plains, NY","N410401 W0734227"
"HSV","HSV","Huntsville, AL","N343826 W0864623"
"ILM","ILM","Wilmington, NC","N341614 W0775409"
"IND","IND","Indianapolis, IN","N394302 W0861740"
"JAN","JAN","Jackson/Vicksburg, MS","N321840 W0900433"
"LEX","LEX","Lexington, KY","N380213 W0843619"
"LGA","LGA","New York, NY","N404638 W0735221"
"LIT","LIT","Little Rock, AR","N344346 W0921328"
"MDT","MDT","Harrisburg, PA","N401137 W0764548"
"MGM","MGM","Montgomery, AL","N321802 W0862338"
"MKE","MKE","Milwaukee, WI","N425650 W0875348"
"MLB","MLB","Melbourne, FL","N280610 W0803845"
"MOB","MOB","Mobile, AL","N304129 W0881434"
"MSP","MSP","Minneapolis, MN","N445250 W0931301"
"MSY","MSY","New Orleans, LA","N295936 W0901529"
"MYR","MYR","Myrtle Beach, SC","N334047 W0785542"
"OAJ","OAJ","Jacksonville/Camp Lejeune, NC","N344945 W0773644"
"ORF","ORF","Norfolk, VA","N365341 W0761204"
"PGV","PGV","Greenville, NC","N353807 W0772307"
"PHF","PHF","Newport News/Williamsburg, VA","N370755 W0762935"
"PHL","PHL","Philadelphia, PA","N395219 W0751428"
"PNS","PNS","Pensacola, FL","N302824 W0871115"
"PWM","PWM","Portland, ME","N433846 W0701832"
"RDU","RDU","Raleigh/Durham, NC","N355240 W0784715"
"RIC","RIC","Richmond, VA","N373019 W0771911"
"ROA","ROA","Roanoke, VA","N371932 W0795832"
"SAV","SAV","Savannah, GA","N320739 W0811208"
"SDF","SDF","Louisville, KY","N381028 W0854410"
"SRQ","SRQ","Sarasota/Bradenton, FL","N272344 W0823316"
"STL","STL","St. Louis, MO","N384452 W0902136"
"SYR","SYR","Syracuse, NY","N430640 W0760623"
"TLH","TLH","Tallahassee, FL","N302348 W0842101"
"TRI","TRI","Bristol/Kngsprt/Jhnsn Cty, TN","N362831 W0822427"
"TYS","TYS","Knoxville, TN","N354845 W0835934"
"VPS","VPS","Valparaiso, FL","N302859 W0863131"
"XNA","XNA","Fayetteville, AR","N361655 W0941825"
"ALB","ALB","Albany, NY","N424453 W0734811"
"BGM","BGM","Binghamton/Endct/Jhnsn Cty, NY","N421231 W0755847"
"BTV","BTV","Burlington, VT","N442819 W0730912"
"ERI","ERI","Erie, PA","N420455 W0801034"
"FLO","FLO","Florence, SC","N341107 W0794326"
"HHH","HHH","Hilton Head, SC","N321328 W0804151"
"HTS","HTS","Ashland, WV","N382200 W0823329"
"HVN","HVN","New Haven, CT","N411550 W0725314"
"IPT","IPT","Williamsport, PA","N411431 W0765516"
"ISP","ISP","Islip, NY","N404743 W0730601"
"ITH","ITH","Ithaca/Cortland, NY","N422928 W0762730"
"LYH","LYH","Lynchburg, VA","N371936 W0791202"
"MHT","MHT","Manchester, NH","N425604 W0712613"
"PVD","PVD","Providence, RI","N414326 W0712542"
"ROC","ROC","Rochester, NY","N430708 W0774021"
"SBY","SBY","Salisbury, MD","N382026 W0753037"
"SCE","SCE","State College, PA","N405057 W0775055"
"SWF","SWF","Newburgh/Poughkeepsie, NY","N413015 W0740617"
"BFD","BFD","Bradford, PA","N414811 W0783824"
"DUJ","DUJ","Du Bois, PA","N411042 W0785355"
"EYW","EYW","Key West, FL","N243322 W0814534"
"FKL","FKL","Franklin/Oil City, PA","N412240 W0795137"
"FLL","FLL","Fort Lauderdale, FL","N260421 W0800910"
"JHW","JHW","Jamestown, NY","N420912 W0791529"
"LWB","LWB","Lewisburg, WV","N375130 W0802358"
"MCO","MCO","Orlando, FL","N282544 W0811858"
"PKB","PKB","Parkersburg, WV","N392042 W0812621"
"TPA","TPA","Tampa, FL","N275832 W0823160"
"ACT","ACT","Waco, TX","N313641 W0971350"
"AOO","AOO","Altoona, PA","N401747 W0781912"
"BHB","BHB","Bar Harbor, ME","N442659 W0682141"
"BKW","BKW","Beckley, WV","N374714 W0810727"
"BPT","BPT","Beaumont/Port Arthur, TX","N295703 W0940114"
"CKB","CKB","Clarksburg/Fairmont, WV","N391748 W0801341"
"CLL","CLL","College Station/Bryan, TX","N303519 W0962150"
"DRT","DRT","Del Rio, TX","N292222 W1005533"
"GRK","GRK","Killeen, TX","N310402 W0974944"
"IAH","IAH","Houston, TX","N295850 W0952023"
"JST","JST","Johnstown, PA","N401858 W0785002"
"LCH","LCH","Lake Charles, LA","N300734 W0931324"
"LFT","LFT","Lafayette, LA","N301219 W0915916"
"MAF","MAF","Midland/Odessa, TX","N315633 W1021207"
"MGW","MGW","Morgantown, WV","N393834 W0795459"
"MLU","MLU","Monroe, LA","N323039 W0920216"
"ORD","ORD","Chicago, IL","N415847 W0875415"
"PBG","PBG","Plattsburgh, NY","N443903 W732805"
"PQI","PQI","Presque Isle/Houlton, ME","N464120 W0680241"
"SHD","SHD","Staunton, VA","N381550 W0785347"
"SHV","SHV","Shreveport, LA","N322648 W0934932"
"TYR","TYR","Tyler, TX","N322115 W0952409"
"CID","CID","Cedar Rapids/Iowa City, IA","N415305 W0914239"
"MCI","MCI","Kansas City, MO","N391751 W0944250"
"MLI","MLI","Moline, IL","N412655 W0903027"
"MSN","MSN","Madison, WI","N430823 W0892015"
"OKC","OKC","Oklahoma City, OK","N352335 W0973603"
"OMA","OMA","Omaha, NE","N411808 W0955337"
"SBN","SBN","South Bend, IN","N414232 W0861907"
"SGF","SGF","Springfield, MO","N371440 W0932313"
"TUL","TUL","Tulsa, OK","N361154 W0955318"
"GKN","GKN","Gulkana, AK","N620918 W1452724"
"ABQ","ABQ","Albuquerque, NM","N350225 W1063633"
"ATL","ATL","Atlanta, GA","N333826 W0842537"
"AUS","AUS","Austin, TX","N301140 W0974012"
"BKG","BKG","Branson, MO","N363155 W931202"
"DEN","DEN","Denver, CO","N395130 W1044001"
"DFW","DFW","Dallas/Ft.Worth, TX","N325347 W0970215"
"HOU","HOU","Houston, TX","N293844 W0951644"
"MDW","MDW","Chicago, IL","N414710 W0874509"
"PDX","PDX","Portland, OR","N453519 W1223551"
"PHX","PHX","Phoenix, AZ","N332605 W1120035"
"PIE","PIE","St. Petersburg, FL","N275438 W0824115"
"RSW","RSW","Fort Myers, FL","N263210 W0814519"
"SAN","SAN","San Diego, CA","N324401 W1171123"
"SAT","SAT","San Antonio, TX","N293201 W0982811"
"SEA","SEA","Seattle, WA","N472656 W1221834"
"SLC","SLC","Salt Lake City, UT","N404718 W1115840"
"SMF","SMF","Sacramento, CA","N384144 W1213527"
"SNA","SNA","Santa Ana, CA","N334032 W1175206"
"TUS","TUS","Tucson, AZ","N320658 W1105628"
"ABY","ABY","Albany, GA","N313208 W0841140"
"ACY","ACY","Atlantic City, NJ","N392727 W0743438"
"BMI","BMI","Bloomington, IL","N402841 W0885457"
"DSM","DSM","Des Moines, IA","N413203 W0933945"
"FNT","FNT","Flint, MI","N425756 W0834436"
"GLH","GLH","Greenville, MS","N332858 W0905908"
"GRR","GRR","Grand Rapids, MI","N425251 W0853122"
"GTR","GTR","Columbus, MS","N332701 W0883529"
"JAX","JAX","Jacksonville, FL","N302939 W0814116"
"MEM","MEM","Memphis, TN","N350237 W0895836"
"SJU","SJU","San Juan, PR","N182622 W0660007"
"UTM","UTM","Tunica, MS","N344059 W0902050"
"GUM","GUM","Guam, TT","N132900 E1444746"
"ROP","ROP","Rota, TT","N141028 E1451433"
"SPN","SPN","Saipan, TT","N150708 E1454346"
"TIQ","TIQ","Tinian, TT","N145949 E1453705"
"PTD","PTD","Port Alexander, AK","N444036 W745654"
"SIT","SIT","Sitka, AK","N570250 W1352142"
"AMA","AMA","Amarillo, TX","N351310 W1014221"
"FSM","FSM","Fort Smith, AR","N352012 W0942203"
"GGG","GGG","Longview/Kilgor/Gladwatr, TX","N322302 W0944241"
"LAW","LAW","Lawton/Fort Sill, OK","N343404 W0982460"
"LBB","LBB","Lubbock, TX","N333949 W1014922"
"SJT","SJT","San Angelo, TX","N312128 W1002947"
"SPS","SPS","Wichita Falls, TX","N335920 W0982931"
"STT","STT","Charlotte Amalie, VI","N182014 W0645824"
"STX","STX","Christiansted, VI","N174207 W0644755"
"TXK","TXK","Texarkana, AR","N332713 W0935928"
"BOI","BOI","Boise, ID","N433352 W1161322"
"BUR","BUR","Burbank, CA","N341202 W1182131"
"HNL","HNL","Honolulu, HI","N211907 W1575521"
"KOA","KOA","Kona, HI","N194420 W1560244"
"LIH","LIH","Lihue, HI","N215834 W1592019"
"OAK","OAK","Oakland, CA","N374317 W1221315"
"OGG","OGG","Kahului, HI","N205355 W1562550"
"ONT","ONT","Ontario/San Bernardino, CA","N340322 W1173604"
"RNO","RNO","Reno, NV","N392955 W1194605"
"SJC","SJC","San Jose, CA","N372145 W1215545"
"JHM","JHM","Kapalua, HI","N205747 W1564023"
"LNY","LNY","Lanai, HI","N204708 W1565705"
"MKK","MKK","Hoolehua, HI","N210910 W1570547"
"FNR","FNR","Funter Bay Alaska, AK","N581516 W1345352"
"HOM","HOM","Homer, AK","N593844 W1512836"
"KEB","KEB","English Bay, AK","N592108 W1515531"
"PGM","PGM","Port Graham, AK","N592054 W1514954"
"SOV","SOV","Seldovia, AK","N592633 W1514215"
"AIN","AIN","Wainwright, AK","N703817 W1595941"
"ANV","ANV","Anvik, AK","N623855 W1601124"
"BTI","BTI","Barter Island, AK","N700802 W1433455"
"FAI","FAI","Fairbanks, AK","N644849 W1475135"
"FYU","FYU","Fort Yukon, AK","N663417 W1451502"
"GAL","GAL","Galena, AK","N644410 W1565615"
"KAL","KAL","Kaltag, AK","N641933 W1584439"
"KSM","KSM","St. Mary's, AK","N620338 W1631808"
"NUI","NUI","Nuiqsut, AK","N701236 W1510020"
"NUL","NUL","Nulato, AK","N644347 W1580423"
"ORV","ORV","Noorvik, AK","N664903 W1610120"
"OTZ","OTZ","Kotzebue, AK","N665305 W1623555"
"PHO","PHO","Point Hope, AK","N682056 W1664758"
"PIZ","PIZ","Point Lay, AK","N694358 W1630019"
"PPC","PPC","Prospect, AK","N664846 W1503838"
"RBY","RBY","Ruby, AK","N644338 W1552812"
"SCC","SCC","Deadhorse, AK","N701141 W1482755"
"VEE","VEE","Venetie, AK","N670031 W1462159"
"WTK","WTK","Noatak, AK","N673344 W1625831"
"A29","A29","Kiluda Bay, AK","N570308 W1352046"
"ADQ","ADQ","Kodiak, AK","N574460 W1522938"
"AKK","AKK","Akhiok, AK","N565619 W1541057"
"ALZ","ALZ","Alitak, AK","N565358 W1541452"
"AOS","AOS","Amook Bay, AK","N572817 W1534855"
"KKB","KKB","Kitoi Bay, AK","N581127 W1522214"
"KLN","KLN","Larsen Bay, AK","N573206 W1535842"
"KOZ","KOZ","Ouzinkie, AK","N575522 W1523002"
"KPR","KPR","Port Williams, AK","N582924 W1523456"
"KPY","KPY","Port Bailey, AK","N575548 W1530226"
"KWP","KWP","West Point, AK","N574612 W1533256"
"KYK","KYK","Karluk, AK","N573401 W1542701"
"KZB","KZB","Zachar Bay, AK","N573300 W1534500"
"OLH","OLH","Old Harbor, AK","N571305 W1531611"
"ORI","ORI","Port Lions, AK","N575307 W1525046"
"SYB","SYB","Seal Bay, AK","N581000 W1523000"
"UGI","UGI","Uganik, AK","N574500 W1531900"
"CGA","CGA","Craig, AK","N552844 W1330852"
"HYL","HYL","Hollis, AK","N552926 W1323725"
"KTB","KTB","Thorne Bay, AK","N554117 W1323212"
"KXA","KXA","Kasaan, AK","N553215 W1322351"
"MTM","MTM","Metlakatla, AK","N550752 W1313441"
"WFB","WFB","Ketchikan, AK","N552040 W1313948"
"WMK","WMK","Meyers Chuck, AK","N554423 W1321518"
"ZXM","ZXM","Saltery Cove, AK","N552431 W1321945"
"EAA","EAA","Eagle, AK","N644635 W1410903"
"HCR","HCR","Holy Cross, AK","N621118 W1594630"
"KGX","KGX","Grayling, AK","N625340 W1600354"
"MCG","MCG","Mcgrath, AK","N625710 W1553621"
"NIB","NIB","Nikolai, AK","N630103 W1542150"
"RQI","RQI","Nixon Fork Mine, AK","N621402 W1544405"
"SRV","SRV","Stony River, AK","N614723 W1563519"
"TCT","TCT","Takotna, AK","N625934 W1560405"
"TLJ","TLJ","Tatalina, AK","N625340 W1555835"
"A27","A27","Pogo Mines, AK","N592603 W1514228"
"AET","AET","Allakaket, AK","N663307 W1523720"
"AKP","AKP","Anaktuvuk Pass, AK","N680801 W1514436"
"ARC","ARC","Arctic Village, AK","N680658 W1453434"
"BIG","BIG","Big Delta, AK","N635943 W1454312"
"BTT","BTT","Bettles, AK","N665455 W1513141"
"CEM","CEM","Central, AK","N653426 W1444660"
"CIK","CIK","Chalkyitsik, AK","N663842 W1434424"
"HSL","HSL","Huslia, AK","N654151 W1562104"
"HUS","HUS","Hughes, AK","N660228 W1541547"
"IRC","IRC","Circle, AK","N654950 W1440433"
"KYU","KYU","Koyukuk, AK","N645234 W1574338"
"MLY","MLY","Manley Hot Springs, AK","N645951 W1503839"
"MNT","MNT","Minto, AK","N650837 W1492212"
"MRI","MRI","Anchorage, AK","N611252 W1495046"
"RMP","RMP","Rampart, AK","N653028 W1500827"
"SHX","SHX","Shageluk, AK","N624142 W1593409"
"SVS","SVS","Stevens Village, AK","N660032 W1490545"
"TAL","TAL","Tanana, AK","N651028 W1520634"
"WBQ","WBQ","Beaver, AK","N662142 W1472404"
"AKI","AKI","Akiak, AK","N605410 W1611350"
"ATT","ATT","Atmautluak, AK","N605200 W1621623"
"BET","BET","Bethel, AK","N604647 W1615017"
"CYF","CYF","Chifornak, AK","N600857 W1641708"
"EEK","EEK","Eek, AK","N601257 W1620020"
"GNU","GNU","Goodnews Bay, AK","N590703 W1613439"
"KKH","KKH","Kongiganak, AK","N595739 W1625252"
"KKI","KKI","Akiachak, AK","N605416 W1612515"
"KLG","KLG","Kalskag, AK","N613211 W1602029"
"KPN","KPN","Kipnuk, AK","N595559 W1640150"
"KUK","KUK","Kasigluk, AK","N605219 W1623129"
"KWK","KWK","Kwigillingok, AK","N595235 W1631003"
"KWN","KWN","Quinhagak, AK","N594525 W1615246"
"KWT","KWT","Kwethluk, AK","N604725 W1612637"
"MLL","MLL","Marshall, AK","N615157 W1620409"
"NME","NME","Nightmute, AK","N602813 W1644108"
"NUP","NUP","Nunapitchuk, AK","N605421 W1622621"
"OOK","OOK","Toksook, AK","N603200 W1650650"
"PKA","PKA","Napaskiak, AK","N604210 W1614642"
"PTU","PTU","Platinum, AK","N590041 W1614911"
"RSH","RSH","Russian Mission, AK","N614647 W1611910"
"TLT","TLT","Tuluksak, AK","N610549 W1605810"
"TNK","TNK","Tununak, AK","N603432 W1651623"
"TOG","TOG","Togiak, AK","N590310 W1602349"
"WNA","WNA","Napakiak, AK","N604125 W1615843"
"WTL","WTL","Tuntatuliak, AK","N602007 W1624001"
"WWT","WWT","Newtok, AK","N605621 W1643828"
"AKN","AKN","King Salmon, AK","N584036 W1563857"
"ANI","ANI","Aniak, AK","N613454 W1593235"
"BRW","BRW","Barrow, AK","N711708 W1564558"
"CDV","CDV","Cordova, AK","N602931 W1452840"
"DLG","DLG","Dillingham, AK","N590243 W1583012"
"EMK","EMK","Emmonak, AK","N624707 W1642928"
"ENA","ENA","Kenai, AK","N603423 W1511442"
"GBH","GBH","Galbraith Lake, AK","N682845 W1492924"
"HPB","HPB","Hooper Bay, AK","N613127 W1660848"
"UNK","UNK","Unalakleet, AK","N635318 W1604756"
"VDZ","VDZ","Valdez, AK","N610802 W1461454"
"CHU","CHU","Chuathbaluk, AK","N613459 W1591409"
"CKD","CKD","Crooked Creek, AK","N615204 W1580806"
"SLQ","SLQ","Sleetmute, AK","N614202 W1570957"
"ABL","ABL","Ambler, AK","N670622 W1575113"
"BKC","BKC","Buckland, AK","N655856 W1610907"
"DRG","DRG","Deering, AK","N660410 W1624559"
"ELI","ELI","Elim, AK","N643653 W1621618"
"GAM","GAM","Gambell, AK","N634560 W1714358"
"GLV","GLV","Golovin, AK","N643302 W1630026"
"IAN","IAN","Kiana, AK","N665846 W1602609"
"KKA","KKA","Koyuk, AK","N645602 W1610929"
"KTS","KTS","Teller Mission, AK","N651953 W1662747"
"KVL","KVL","Kivalina, AK","N674410 W1643349"
"LUR","LUR","Cape Lisburne, AK","N685230 W1660636"
"OBU","OBU","Kobuk, AK","N665433 W1565140"
"OME","OME","Nome, AK","N643044 W1652643"
"RDB","RDB","Red Dog, AK","N680156 W1625357"
"SHG","SHG","Shungnak, AK","N665321 W1570902"
"SHH","SHH","Shishmaref, AK","N661458 W1660522"
"SKK","SKK","Shaktoolik, AK","N642215 W1611326"
"SMK","SMK","St. Michael, AK","N632924 W1620637"
"SVA","SVA","Savoonga, AK","N634111 W1702933"
"TLA","TLA","Teller, AK","N651425 W1662022"
"TNC","TNC","Tin City, AK","N653347 W1675518"
"WAA","WAA","Wales, AK","N653726 W1680557"
"WBB","WBB","Stebbins, AK","N633058 W1621641"
"WLK","WLK","Selawik, AK","N663600 W1595910"
"WMO","WMO","White Mountain, AK","N644121 W1632445"
"CEX","CEX","Chena Hot Springs, AK","N650307 W1460251"
"CXF","CXF","Coldfoot, AK","N671506 W1501224"
"KBC","KBC","Birch Creek, AK","N661626 W1454927"
"LMA","LMA","Lake Minchumina, AK","N635310 W1521807"
"MHM","MHM","Minchumina, AK","N635250 W1521802"
"TKJ","TKJ","Tok, AK","N631744 W1430022"
"UTO","UTO","Utopia, AK","N655934 W1534214"
"ABI","ABI","Abilene, TX","N322441 W0994055"
"COS","COS","Colorado Springs, CO","N384821 W1044201"
"CRP","CRP","Corpus Christi, TX","N274613 W0973004"
"EGE","EGE","Eagle, CO","N393833 W1065504"
"ELP","ELP","El Paso, TX","N314824 W1062240"
"FAT","FAT","Fresno, CA","N364634 W1194305"
"GJT","GJT","Grand Junction, CO","N390721 W1083136"
"HDN","HDN","Steamboat Springs/Hayden, CO","N402852 W1071304"
"JAC","JAC","Jackson, WY","N433626 W1104416"
"MFE","MFE","Mission/Mcallen/Edinburg, TX","N261033 W0981419"
"MTJ","MTJ","Montrose/Delta, CO","N383032 W1075338"
"PSP","PSP","Indio/Palm Springs, CA","N334947 W1163024"
"SFB","SFB","Orlando, FL","N284640 W0811415"
"ADK","ADK","Adak Island, AK","N515241 W1763846"
"BLI","BLI","Bellingham, WA","N484734 W1223215"
"EUG","EUG","Eugene, OR","N440724 W1231307"
"JNU","JNU","Juneau, AK","N582118 W1343435"
"KTN","KTN","Ketchikan, AK","MIAMI"
"PSG","PSG","Petersburg, AK","N564806 W1325643"
"PUW","PUW","Pullman, WA","N464438 W1170634"
"WRG","WRG","Wrangell, AK","N562904 W1322211"
"YAK","YAK","Yakutat, AK","N593012 W1393937"
"BQN","BQN","Aguadilla, PR","N182942 W0670746"
"LGB","LGB","Long Beach, CA","N334904 W1180906"
"PSE","PSE","Ponce, PR","N180030 W0663347"
"A23","A23","Bradley Lake, AK","N565311 W1340930"
"AUK","AUK","Alakanuk, AK","N624048 W1643936"
"CDB","CDB","Cold Bay, AK","N551220 W1624327"
"CLP","CLP","Clarks Point, AK","N585032 W1583243"
"CZF","CZF","Cape Romanzof, AK","N614649 W1660219"
"DRF","DRF","Drift River, AK","N603522 W1520928"
"DUT","DUT","Dutch Harbor, AK","N535400 W1663237"
"EHM","EHM","Cape Newenham, AK","N583847 W1620346"
"KEK","KEK","Ekwok, AK","N592114 W1572828"
"KGK","KGK","Koliganek, AK","N594336 W1571533"
"KLL","KLL","Levelock, AK","N590705 W1565155"
"KMO","KMO","Manokotak, AK","N585920 W1590260"
"KNW","KNW","New Stuyahok, AK","N592702 W1571935"
"KOT","KOT","Kotlik, AK","N630150 W1633158"
"KVC","KVC","King Cove, AK","N550659 W1621558"
"MOU","MOU","Mountain Village, AK","N620543 W1634055"
"MYU","MYU","Mekoryuk, AK","N602217 W1661614"
"SCM","SCM","Scammon Bay, AK","N615040 W1653426"
"SXP","SXP","Sheldon Point, AK","N623114 W1645052"
"TWA","TWA","Twin Hills, AK","N590432 W1601623"
"VAK","VAK","Chevak, AK","N613201 W1653501"
"WKK","WKK","Aleknagik, AK","N591657 W1583704"
"ATK","ATK","Atqasuk, AK","N702802 W1572609"
"LVD","LVD","Lime Village, AK","N612133 W1552626"
"PQS","PQS","Pilot Station, AK","N615604 W1625358"
"RDV","RDV","Red Devil, AK","N614716 W1572053"
"AGN","AGN","Angoon, AK","N573013 W1343506"
"ELV","ELV","Elfin Cove, AK","N581143 W1362051"
"PEC","PEC","Pelican, AK","N575719 W1361411"
"TKE","TKE","Tenakee, AK","N574647 W1351306"
"DOF","DOF","Dora Bay, AK","N551400 W1321300"
"EDA","EDA","Edna Bay, AK","N555656 W1333943"
"FVX","FVX","Grace Harbor, AK","N372127 W782616"
"HYG","HYG","Hydaburg, AK","N551223 W1324942"
"KCC","KCC","Coffman Cove, AK","N560053 W1325002"
"KPB","KPB","Point Baker, AK","N562107 W1333721"
"NKI","NKI","Naukiti, AK","N555059 W1331340"
"PPV","PPV","Port Protection, AK","N561944 W1333636"
"WHD","WHD","Hyder, AK","N555412 W1300024"
"WWP","WWP","Whale Pass, AK","N560659 W1330718"
"ZXH","ZXH","Chomondely Sound, AK","N551421 W1320651"
"ILI","ILI","Iliamna, AK","N594514 W1545439"
"NLG","NLG","Nelson Lagoon, AK","N560027 W1610937"
"AKB","AKB","Atka, AK","N521313 W1741223"
"BSZ","BSZ","Bartletts, AK","N581401 W1572101"
"EGX","EGX","Egegik, AK","N581108 W1572232"
"IGG","IGG","Igiugig, AK","N591925 W1555412"
"IKO","IKO","Nikolski, AK","N525630 W1685056"
"KCG","KCG","Chignik Fisheries, AK","N561904 W1583526"
"KCL","KCL","Chignik Lagoon, AK","N561840 W1583203"
"KCQ","KCQ","Chignik, AK","N561841 W1582224"
"KFP","KFP","False Pass, AK","N545051 W1632437"
"KNK","KNK","Kokhanok, AK","N592559 W1545827"
"KPV","KPV","Perryville, AK","N555429 W1590931"
"KQA","KQA","Akutan, AK","N540802 W1654642"
"PIP","PIP","Pilot Point, AK","N573449 W1573403"
"PML","PML","Port Moller, AK","N560021 W1603338"
"PTH","PTH","Port Heiden, AK","N565734 W1583755"
"SDP","SDP","Sandpoint, AK","N551854 W1603104"
"SNP","SNP","St. Paul, AK","N571002 W1701314"
"STG","STG","St. George Island, AK","N563438 W1693949"
"UGB","UGB","Pilot Point, AK","N572531 W1574424"
"WSN","WSN","South Naknek, AK","N584212 W1570030"
"CZN","CZN","Chisana, AK","N620416 W1420254"
"HKB","HKB","Healy Lake, AK","N635203 W1485808"
"BVU","BVU","Beluga, AK","N355651 W1145140"
"SKW","SKW","Skwentna, AK","N615755 W1511129"
"TYE","TYE","Tyonek, AK","N610436 W1510817"
"XWA","XWA","Granite Point, AK","N605742 W1511954"
"NNL","NNL","Nondalton, AK","N595845 W1545023"
"PDB","PDB","Pedro Bay, AK","N594723 W1540726"
"PTA","PTA","Port Alsworth, AK","N601216 W1541908"
"PVY","PVY","Pope Vanoy, AK","N591900 W1545500"
"GST","GST","Gustavus, AK","N582531 W1354227"
"HNH","HNH","Hoonah, AK","N580552 W1352418"
"HNS","HNS","Haines, AK","N591441 W1353110"
"KAE","KAE","Kake, AK","N565741 W1335437"
"SGY","SGY","Skagway, AK","N592736 W1351856"
"ATW","ATW","Appleton, WI","N441527 W0883110"
"GUC","GUC","Gunnison, CO","N383202 W1065559"
"SWO","SWO","Stillwater, OK","N360937 W0970509"
"BIL","BIL","Billings, MT","N454828 W1083234"
"BZN","BZN","Bozeman, MT","N454637 W1110911"
"DLH","DLH","Duluth, MN","N465032 W0921137"
"FAR","FAR","Fargo, ND","N465512 W0964857"
"FSD","FSD","Sioux Falls, SD","N433453 W0964430"
"GRB","GRB","Green Bay/Clintonville, WI","N442906 W0880747"
"GTF","GTF","Great Falls, MT","N472855 W1112214"
"IDA","IDA","Idaho Falls, ID","N433049 W1120415"
"MBS","MBS","Saginaw/Bay City/Midland, MI","N433158 W0840447"
"MOT","MOT","Minot, ND","N481534 W1011649"
"MSO","MSO","Missoula, MT","N465459 W1140526"
"ABR","ABR","Aberdeen, SD","N452657 W0982519"
"AZO","AZO","Kalamazoo, MI","N421406 W0853307"
"BIS","BIS","Bismarck/Mandan, ND","N464622 W1004445"
"COU","COU","Columbia, MO","N384905 W0921310"
"DAL","DAL","Dallas, TX","N325050 W0965106"
"ECP","ECP","Panama City, FL","N302130 W854744"
"EVV","EVV","Evansville, IN","N380217 W0873150"
"FWA","FWA","Fort Wayne, IN","N405842 W0851143"
"GFK","GFK","Grand Forks, ND","N475657 W0971034"
"LAN","LAN","Lansing, MI","N424643 W0843514"
"LNK","LNK","Lincoln, NE","N405104 W0964533"
"LSE","LSE","La Crosse, WI","N435244 W0911525"
"MQT","MQT","Marquette, MI","N462113 W0872345"
"PIA","PIA","Peoria, IL","N403951 W0894136"
"PLN","PLN","Pellston, MI","N453415 W0844748"
"RST","RST","Rochester, MN","N435426 W0922956"
"TVC","TVC","Traverse City, MI","N444429 W0853456"
"LJN","LJN","Lake Jackson, TX","N290631 W0952743"
"EFD","EFD","Houston, TX","N293626 W0950932"
"FOE","FOE","Topeka, KS","N385703 W0953949"
"FRG","FRG","Farmingdale, NY","N404344 W0732448"
"PTK","PTK","Pontiac, MI","N423955 W0832507"
"RAP","RAP","Rapid City, SD","N440243 W1030327"
"AZA","AZA","Phoenix, AZ","N331828 W1113920"
"BFL","BFL","Bakersfield, CA","N352601 W1190324"
"HRL","HRL","Harlingen/San Benito, TX","N261343 W0973916"
"TWF","TWF","Twin Falls, ID","N422854 W1142916"
"BED","BED","Bedford, MA","N422812 W0711721"
"BKL","BKL","Cleveland, OH","N413103 W0814100"
"BQK","BQK","Brunswick, GA","N311532 W0812759"
"CMI","CMI","Champaign/Urbana, IL","N400221 W0881641"
"GCK","GCK","Garden City, KS","N375539 W1004328"
"LCK","LCK","Columbus, OH","N394850 W0825540"
"MQY","MQY","Smyrna, TN","N360032 W0863112"
"PSM","PSM","Portsmouth, NH","N430441 W0704924"
"RFD","RFD","Rockford, IL","N421143 W0890550"
"SUS","SUS","St. Louis, MO","N383943 W0903904"
"YIP","YIP","Detroit, MI","N421417 W0833149"
"ILG","ILG","Wilmington, DE","N394043 W0753624"
"MHK","MHK","Manhattan/Ft. Riley, KS","N390827 W0964015"
"PVU","PVU","Provo, UT","N401309 W1114324"
"ESD","ESD","Eastsound, WA","N484229 W1225438"
"FRD","FRD","Friday Harbor, WA","N483119 W1230128"
"OTS","OTS","Anacortes, WA","N482956 W1223945"
"PNE","PNE","Philadelphia, PA","N400455 W0750038"
"ASE","ASE","Aspen, CO","N391323 W1065208"
"DRO","DRO","Durango, CO","N370905 W1074514"
"AHN","AHN","Athens, GA","N335655 W0831935"
"ALM","ALM","Alamogordo, NM","N325024 W1055926"
"CNM","CNM","Carlsbad, NM","N322015 W1041548"
"HNM","HNM","Hana, HI","N204744 W1560052"
"HOB","HOB","Hobbs, NM","N324115 W1031301"
"LUP","LUP","Kalaupapa, HI","N211240 W1565825"
"MCN","MCN","Macon, GA","N324134 W0833857"
"MKL","MKL","Jackson, TN","N353560 W0885456"
"MUE","MUE","Kamuela, HI","N200005 W1554005"
"OWB","OWB","Owensboro, KY","N374424 W0871001"
"BID","BID","Block Island, RI","N411005 W0713440"
"WST","WST","Westerly, RI","N412059 W0714812"
"FYV","FYV","Fayetteville, AR","N360018 W0941012"
"LAF","LAF","Lafayette, IN","N402444 W0865613"
"LAR","LAR","Laramie, WY","N411843 W1054030"
"ACV","ACV","Eureka/Arcata, CA","N405841 W1240631"
"BTM","BTM","Butte, MT","N455717 W1122951"
"CDC","CDC","Cedar City, UT","N374203 W1130556"
"CEC","CEC","Crescent City, CA","N414649 W1241412"
"CIC","CIC","Chico, CA","N394743 W1215130"
"CLD","CLD","Carlsbad, CA","N330742 W1171648"
"CMX","CMX","Hancock/Houghton, MI","N471006 W0882921"
"COD","COD","Cody, WY","N443113 W1090126"
"CPR","CPR","Casper, WY","N425429 W1062752"
"CWA","CWA","Wausau/Marshfield, WI","N444639 W0894000"
"EAU","EAU","Eau Claire, WI","N445155 W0912906"
"EKO","EKO","Elko, NV","N404930 W1154730"
"FCA","FCA","Kalispell, MT","N481841 W1141518"
"GCC","GCC","Gillette, WY","N442056 W1053222"
"HLN","HLN","Helena, MT","N463625 W1115858"
"IPL","IPL","El Centro, CA","N325003 W1153443"
"IYK","IYK","Inyokern, CA","N353932 W1174947"
"LMT","LMT","Klamath Falls, OR","N420922 W1214360"
"LWS","LWS","Lewiston, ID","N462228 W1170055"
"MFR","MFR","Medford, OR","N422227 W1225225"
"MKG","MKG","Muskegon, MI","N431010 W0861418"
"MMH","MMH","Mammoth Lakes, CA","N373727 W1185016"
"MOD","MOD","Modesto, CA","N373733 W1205716"
"MRY","MRY","Monterey, CA","N363513 W1215035"
"OTH","OTH","North Bend/Coos Bay, OR","N432502 W1241446"
"PAH","PAH","Paducah, KY","N370339 W0884626"
"PIH","PIH","Pocatello, ID","N425435 W1123545"
"PSC","PSC","Pasco/Kennewick/Richland, WA","N461553 W1190709"
"RDD","RDD","Redding, CA","N403032 W1221736"
"RDM","RDM","Bend/Redmond, OR","N441515 W1210860"
"RKS","RKS","Rock Springs, WY","N413539 W1090355"
"SBA","SBA","Santa Barbara, CA","N342534 W1195025"
"SBP","SBP","San Luis Obispo/Paso Robles, CA","N351413 W1203831"
"SGU","SGU","St. George, UT","N370526 W1133535"
"SMX","SMX","Santa Maria, CA","N345356 W1202727"
"SPI","SPI","Springfield, IL","N395039 W0894040"
"SUN","SUN","Sun Valley/Hailey/Ketchum, ID","N433015 W1141745"
"YUM","YUM","Yuma, AZ","N323924 W1143622"
"BLD","BLD","Boulder City, NV","N355651 W1145140"
"DQR","DQR","Peach Springs, AZ","N355919 W1134836"
"GCN","GCN","Grand Canyon, AZ","N355708 W1120849"
"PGA","PGA","Page, AZ","N365534 W1112654"
"SDX","SDX","Sedona, AZ","N345055 W1114718"
"TVL","TVL","Lake Tahoe, CA","N385338 W1195943"
"AIA","AIA","Alliance, NE","N420312 W1024814"
"ALS","ALS","Alamosa, CO","N372606 W1055160"
"BFF","BFF","Scottsbluff, NE","N415226 W1033544"
"CDR","CDR","Chadron, NE","N425015 W1030544"
"CEZ","CEZ","Cortez, CO","N371811 W1083741"
"CNY","CNY","Moab, UT","N384518 W1094517"
"CVN","CVN","Clovis, NM","N342530 W1030445"
"CYS","CYS","Cheyenne, WY","N410921 W1044843"
"DDC","DDC","Dodge City, KS","N374548 W0995756"
"DIK","DIK","Dickinson, ND","N464750 W1024807"
"EAR","EAR","Kearney, NE","N404337 W0990024"
"ELY","ELY","Ely, NV","N391759 W1145031"
"FMN","FMN","Farmington, NM","N364428 W1081348"
"GBD","GBD","Great Bend, KS","N382040 W0985133"
"GDV","GDV","Glendive, MT","N470819 W1044826"
"GGW","GGW","Glasgow, MT","N481245 W1063653"
"GRI","GRI","Grand Island, NE","N405803 W0981835"
"HON","HON","Huron, SD","N442307 W0981343"
"HVR","HVR","Havre, MT","N483235 W1094544"
"HYS","HYS","Hays, KS","N385042 W0991627"
"IGM","IGM","Kingman, AZ","N351534 W1135617"
"ISN","ISN","Williston, ND","N481041 W1033832"
"IWD","IWD","Ironwood, MI","N463139 W0900753"
"JLN","JLN","Joplin, MO","N370906 W0942954"
"LBF","LBF","North Platte, NE","N410734 W1004101"
"LBL","LBL","Liberal, KS","N370239 W1005736"
"LWT","LWT","Lewistown, MT","N470257 W1092800"
"MBL","MBL","Manistee/Ludington, MI","N441621 W0861449"
"MCE","MCE","Merced, CA","N371705 W1203050"
"MCK","MCK","Mccook, NE","N401223 W1003532"
"MLS","MLS","Miles City, MT","N462541 W1055310"
"OLF","OLF","Wolf Point, MT","N480540 W1053430"
"PIR","PIR","Pierre, SD","N442258 W1001709"
"PRC","PRC","Prescott, AZ","N343916 W1122510"
"PUB","PUB","Pueblo, CO","N381721 W1042948"
"RHI","RHI","Rhinelander, WI","N453752 W0892803"
"RIW","RIW","Riverton/Lander, WY","N430351 W1082735"
"SDY","SDY","Sidney, MT","N474225 W1041133"
"SHR","SHR","Sheridan, WY","N444609 W1065849"
"SOW","SOW","Show Low, AZ","N341556 W1100020"
"SVC","SVC","Silver City/Hurley, NM","N323812 W1080923"
"TBN","TBN","Fort Leonard Wood, MO","N374430 W0920827"
"TEX","TEX","Telluride, CO","N375714 W1075431"
"VEL","VEL","Vernal, UT","N402627 W1093036"
"VIS","VIS","Visalia, CA","N361907 W1192334"
"WRL","WRL","Worland, WY","N435757 W1075703"
"DHN","DHN","Dothan, AL","N311917 W0852659"
"FFO","FFO","Dayton, OH","N394930 W0840248"
"FNL","FNL","Ft. Collins/Loveland, CO","N402707 W1050041"
"FTW","FTW","Dallas/Ft.Worth, TX","N324911 W0972145"
"IFP","IFP","Bullhead City, AZ","N350927 W1143334"
"ISO","ISO","Kinston, NC","N351942 W0773643"
"LRD","LRD","Laredo, TX","N273237 W0992742"
"PAM","PAM","Panama City, FL","N300412 W0853435"
"PGD","PGD","Punta Gorda, FL","N265513 W0815926"
"SCK","SCK","Stockton, CA","N375339 W1211419"
"TOL","TOL","Toledo, OH","N413512 W0834828"
"YNG","YNG","Youngstown, OH","N411539 W0804045"
"ALW","ALW","Walla Walla, WA","N460540 W1181717"
"EAT","EAT","Wenatchee, WA","N472356 W1201225"
"STS","STS","Santa Rosa, CA","N383032 W1224846"
"YKM","YKM","Yakima, WA","N463405 W1203239"
"SIG","SIG","San Juan, PR","N182724 W0660556"
"SPB","SPB","Charlotte Amalie, VI","N454616 W1225143"
"SSB","SSB","Christiansted, VI","N174449 W0644218"
"VQS","VQS","Vieques, PR","N180805 W652937"
"CEF","CEF","Chicopee Falls, MA","N421154 W0723203"
"CSG","CSG","Columbus, GA","N323059 W0845620"
"IAG","IAG","Niagara Falls, NY","N430626 W0785644"
"LBE","LBE","Latrobe, PA","N401633 W0792417"
"ORH","ORH","Worcester, MA","N421602 W0715233"
"RME","RME","Rome, NY","N431402 W0752425"
"MEI","MEI","Meridian, MS","N321959 W0884504"
"VLD","VLD","Valdosta, GA","N304657 W0831636"
"CLM","CLM","Port Angeles, WA","N480713 W1232959"
"KEH","KEH","Kenmore, WA","N474526 W1221526"
"LKE","LKE","Seattle, WA","N473744 W1222019"
"LPS","LPS","Lopez Island, WA","N482857 W1225613"
"PWT","PWT","Bremerton, WA","N472934 W1224545"
"RCE","RCE","Roche Harbor, WA","N352917 W974925"
"WSX","WSX","Westsound, WA","N483704 W1225710"
"BRO","BRO","Brownsville, TX","N255425 W0972533"
"JQF","JQF","Cabarrus, NC","N352316 W804233"
"NYL","NYL","Yuma M. C. A. S., AZ","N323924 W1143622"
"ALO","ALO","Waterloo, IA","N423325 W0922401"
"APN","APN","Alpena, MI","N450441 W0833337"
"ATY","ATY","Watertown, SD","N445450 W0970917"
"BJI","BJI","Bemidji, MN","N473034 W0945601"
"BRD","BRD","Brainerd, MN","N462352 W0940814"
"CIU","CIU","Sault Ste Marie, MI","N461503 W0842821"
"DVL","DVL","Devils Lake, ND","N480651 W0985432"
"ESC","ESC","Escanaba, MI","N454322 W0870537"
"FOD","FOD","Fort Dodge, IA","N423305 W0941133"
"HIB","HIB","Chisholm/Hibbing, MN","N472312 W0925020"
"IMT","IMT","Iron Mountain/Kingsfd, MI","N454906 W0880652"
"INL","INL","International Falls, MN","N483358 W0932411"
"JMS","JMS","Jamestown, ND","N465547 W0984041"
"MCW","MCW","Mason City, IA","N430928 W0931953"
"MSL","MSL","Muscle Shoals, AL","N344443 W0873637"
"PIB","PIB","Hattiesburg/Laurel, MS","N312802 W0892013"
"SUX","SUX","Sioux City, IA","N422409 W0962304"
"TUP","TUP","Tupelo, MS","N341605 W0884612"
"TVF","TVF","Thief River Falls, MN","N480356 W0961100"
"ACK","ACK","Nantucket, MA","N411511 W0700337"
"AFK","AFK","Nebraska, NE","N403620 W955204"
"BEH","BEH","Benton Harbor/St. Joseph, MI","N420743 W0862543"
"EEN","EEN","Keene, NH","N425354 W0721615"
"IOW","IOW","Iowa City, IA","N413821 W0913247"
"LEB","LEB","Lebanon-Hanover, NH","N433734 W0721815"
"MPV","MPV","Montpelier/Barre, VT","N441213 W0723344"
"MVY","MVY","Martha's Vineyrd, MA","N412335 W0703652"
"OXC","OXC","Waterbury, CT","N412843 W0730807"
"PVC","PVC","Provincetown, MA","N420419 W0701317"
"PWK","PWK","Chicago, IL","N420651 W0875405"
"PYM","PYM","Plymouth, MA","N415432 W0704344"
"RIL","RIL","Rifle, CO","N393135 W1074337"
"1G4","1G4","Peach Springs, AZ","N355925 W1134859"
"VGT","VGT","Las Vegas, NV","N361242 W1151145"
"BRL","BRL","Burlington, IA","N404660 W0910732"
"DEC","DEC","Decatur, IL","N395004 W0885156"
"DBQ","DBQ","Dubuque, IA","N422407 W0904234"
"ROW","ROW","Roswell, NM","N331806 W1043150"
"SAF","SAF","Santa Fe, NM","N353700 W1060517"
"AND","AND","Anderson, SC","N342942 W0824232"
"BMG","BMG","Bloomington, IN","N390846 W0863700"
"DET","DET","Detroit, MI","N422433 W0830036"
"LUK","LUK","Cincinnati, OH","N390612 W0842507"
"TCL","TCL","Tuscaloosa, AL","N331314 W0873641"
"ENV","ENV","Wendover, UT","N404307 W1140151"
"ROG","ROG","Rogers, AR","N362221 W0940625"
"GYY","GYY","Gary, IN","N413659 W0872446"
"OPF","OPF","Miami, FL","N255425 W0801642"
"ORL","ORL","Orlando, FL","N283244 W0811959"
"SCF","SCF","Phoenix, AZ","N333722 W1115438"
"SDM","SDM","San Diego, CA","N323420 W1165849"
"TRM","TRM","Thermal, CA","N333740 W1160936"
"VNY","VNY","Van Nuys, CA","N341235 W1182924"
"ART","ART","Watertown, NY","N435931 W0760118"
"AUG","AUG","Augusta/Waterville, ME","N441914 W0694750"
"CGI","CGI","Cape Girardeau, MO","N371331 W0893415"
"EWB","EWB","New Bedford/Fall River, MA","N414034 W0705725"
"HGR","HGR","Hagerstown, MD","N394229 W0774346"
"HYA","HYA","Hyannis, MA","N414010 W0701649"
"IRK","IRK","Kirksville, MO","N400537 W0923242"
"LNS","LNS","Lancaster, PA","N400718 W0761746"
"MAZ","MAZ","Mayaguez, PR","N181520 W0670854"
"MSS","MSS","Massena, NY","N445609 W0745044"
"MWA","MWA","Marion/Herrin, IL","N374511 W0890042"
"OGS","OGS","Ogdensburg, NY","N444055 W0752756"
"RKD","RKD","Rockland, ME","N440336 W0690557"
"RUT","RUT","Rutland, VT","N433148 W0725659"
"SLK","SLK","Saranac Lake/Lake Placid, NY","N442307 W0741222"
"UIN","UIN","Quincy, IL","N395634 W0911140"
"FLG","FLG","Flagstaff, AZ","N350818 W1114016"
"ITO","ITO","Hilo, HI","N194313 W1550254"
"AST","AST","Astoria/Seaside, OR","N460929 W1235243"
"ELD","ELD","El Dorado, AR","N331315 W0924848"
"HOT","HOT","Hot Springs, AR","N342841 W0930546"
"HRO","HRO","Harrison, AR","N361542 W0930917"
"JBR","JBR","Jonesboro, AR","N354955 W0903846"
"ONP","ONP","Newport, OR","N443449 W1240328"
"PDT","PDT","Pendleton, OR","N454142 W1185029"
"SLN","SLN","Salina, KS","N384729 W0973902"
"STC","STC","St. Cloud, MN","N453248 W0940336"
"STJ","STJ","St. Joseph, MO","N394619 W0945435"
"PPG","PPG","Pago Pago, TT","S141954 W1704241"
"CPX","CPX","Culebra, PR","N181848 W651816"
"JRV","JRV","Ceiba, PR","N181443 W0653836"
"DWH","DWH","Houston, TX","N300343 W0953310"
"MXY","MXY","Mccarthy, AK","N612613 W1425413"
"SVW","SVW","Sparrevohn, AK","N610551 W1553427"
"CFA","CFA","Coffee Point, AK","N581300 W1573000"
"FXE","FXE","Fort Lauderdale, FL","N261150 W0801015"
"LFI","LFI","Newport News/Wmsburg, VA","N370458 W0762138"
"FPR","FPR","Fort Pierce, FL","N272942 W0802206"
